Old Url,New Url,Status
http://ukinitaly.fco.gov.uk/en,https://www.gov.uk/government/world/italy,301
http://ukinitaly.fco.gov.uk/en/about-us,https://www.gov.uk/government/world/organisations/british-embassy-rome#about-us,301
http://ukinitaly.fco.gov.uk/en/about-us/other-locations-in-italy,https://www.gov.uk/government/world/organisations/british-embassy-rome,301
http://ukinitaly.fco.gov.uk/en/about-us/other-locations-in-italy/around-the-world,https://www.gov.uk/government/world/organisations/british-embassy-rome,301
http://ukinitaly.fco.gov.uk/en/about-us/other-locations-in-italy/milan,https://www.gov.uk/government/world/organisations/british-embassy-rome,301
http://ukinitaly.fco.gov.uk/en/about-us/other-locations-in-italy/naples,https://www.gov.uk/government/world/organisations/british-embassy-rome,301
http://ukinitaly.fco.gov.uk/en/about-us/other-locations-in-italy/other-british-orgs-in-italy,https://www.gov.uk/government/world/organisations/british-embassy-rome,301
http://ukinitaly.fco.gov.uk/en/about-us/other-locations-in-italy/rome,https://www.gov.uk/government/world/organisations/british-embassy-rome,301
http://ukinitaly.fco.gov.uk/en/about-us/our-embassy-in-rome,https://www.gov.uk/government/world/organisations/british-embassy-rome,301
http://ukinitaly.fco.gov.uk/en/about-us/our-embassy-in-rome/contact-us,https://www.gov.uk/government/world/organisations/british-embassy-rome,301
http://ukinitaly.fco.gov.uk/en/about-us/our-embassy-in-rome/contact-us/contact-rome,https://www.gov.uk/government/world/organisations/british-embassy-rome,301
http://ukinitaly.fco.gov.uk/en/about-us/our-embassy-in-rome/contact-us/emb-ext-faxes-emails,https://www.gov.uk/government/world/organisations/british-embassy-rome,301
http://ukinitaly.fco.gov.uk/en/about-us/our-embassy-in-rome/contact-us/public-holidays,https://www.gov.uk/government/world/organisations/british-embassy-rome,301
http://ukinitaly.fco.gov.uk/en/about-us/our-embassy-in-rome/embassy-guided-tour,https://www.gov.uk/government/world/organisations/british-embassy-rome,301
http://ukinitaly.fco.gov.uk/en/about-us/our-embassy-in-rome/how-we-can-help,https://www.gov.uk/government/world/organisations/british-embassy-rome,301
http://ukinitaly.fco.gov.uk/en/about-us/our-embassy-in-rome/our-ambassador,https://www.gov.uk/government/world/organisations/british-embassy-rome#people,301
http://ukinitaly.fco.gov.uk/en/about-us/our-embassy-in-rome/our-ambassador/our-ambassadors-residence,https://www.gov.uk/government/world/organisations/british-embassy-rome#people,301
http://ukinitaly.fco.gov.uk/en/about-us/our-embassy-in-rome/our-ambassador/our-ambassadors-residence/detailed-history,https://www.gov.uk/government/world/organisations/british-embassy-rome#people,301
http://ukinitaly.fco.gov.uk/en/about-us/our-embassy-in-rome/our-ambassador/our-ambassadors-residence/hire-residence,https://www.gov.uk/government/world/organisations/british-embassy-rome#people,301
http://ukinitaly.fco.gov.uk/en/about-us/our-embassy-in-rome/our-ambassador/our-ambassadors-residence/streetmap,https://www.gov.uk/government/world/organisations/british-embassy-rome#people,301
http://ukinitaly.fco.gov.uk/en/about-us/our-embassy-in-rome/our-ambassador/previous-ambassadors,https://www.gov.uk/government/world/organisations/british-embassy-rome#people,301
http://ukinitaly.fco.gov.uk/en/about-us/our-embassy-in-rome/our-ambassador/previous-ambassadors/edward-chaplin,https://www.gov.uk/government/world/organisations/british-embassy-rome#people,301
http://ukinitaly.fco.gov.uk/en/about-us/our-embassy-in-rome/our-ambassador/previous-ambassadors/sir-ivor-roberts,https://www.gov.uk/government/world/organisations/british-embassy-rome#people,301
http://ukinitaly.fco.gov.uk/en/about-us/our-embassy-in-rome/rome-embassy,https://www.gov.uk/government/world/organisations/british-embassy-rome,301
http://ukinitaly.fco.gov.uk/en/about-us/our-embassy-in-rome/working-for-us,https://www.gov.uk/government/world/organisations/british-embassy-rome/about/recruitment,301
http://ukinitaly.fco.gov.uk/en/about-us/our-embassy-in-rome/working-for-us/050-internships,https://www.gov.uk/government/world/organisations/british-embassy-rome/about/recruitment,301
http://ukinitaly.fco.gov.uk/en/about-us/our-embassy-in-rome/working-for-us/job-vacancy-milan,https://www.gov.uk/government/world/organisations/british-embassy-rome/about/recruitment,301
http://ukinitaly.fco.gov.uk/en/about-us/our-embassy-in-rome/working-for-us/job-vacancy-milan-investment-asst,https://www.gov.uk/government/world/organisations/british-embassy-rome/about/recruitment,301
http://ukinitaly.fco.gov.uk/en/about-us/our-embassy-in-rome/working-for-us/job-vacancy-milan-temp-switchboard,https://www.gov.uk/government/world/organisations/british-embassy-rome/about/recruitment,301
http://ukinitaly.fco.gov.uk/en/about-us/our-embassy-in-rome/working-for-us/job-vacancy-naples,https://www.gov.uk/government/world/organisations/british-embassy-rome/about/recruitment,301
http://ukinitaly.fco.gov.uk/en/about-us/our-embassy-in-rome/working-for-us/job-vacancy-rome-press,https://www.gov.uk/government/world/organisations/british-embassy-rome/about/recruitment,301
http://ukinitaly.fco.gov.uk/en/about-us/our-embassy-in-rome/working-for-us/job-vacancy-rome-ukba,https://www.gov.uk/government/world/organisations/british-embassy-rome/about/recruitment,301
http://ukinitaly.fco.gov.uk/en/about-us/our-embassy-in-rome/working-for-us/naples-hon-cons,https://www.gov.uk/government/world/organisations/british-embassy-rome/about/recruitment,301
http://ukinitaly.fco.gov.uk/en/about-us/working-with-italy,https://www.gov.uk/government/world/italy#priorities,301
http://ukinitaly.fco.gov.uk/en/about-us/working-with-italy/005-great-campaign,https://www.gov.uk/government/world/italy#priorities,301
http://ukinitaly.fco.gov.uk/en/about-us/working-with-italy/defence,https://www.gov.uk/government/world/italy#priorities,301
http://ukinitaly.fco.gov.uk/en/about-us/working-with-italy/pontignano-conference,https://www.gov.uk/government/world/italy#priorities,301
http://ukinitaly.fco.gov.uk/en/about-us/working-with-italy/see-britain/qbp,https://www.gov.uk/government/world/italy#priorities,301
http://ukinitaly.fco.gov.uk/en/about-us/working-with-italy/state-royal-visits/hm-queens-state-visit-2000,https://www.gov.uk/government/world/italy#priorities,301
http://ukinitaly.fco.gov.uk/en/advanced-search,https://www.gov.uk/search,301
http://ukinitaly.fco.gov.uk/en/business,https://www.gov.uk/government/world/organisations/uk-trade-investment-italy,301
http://ukinitaly.fco.gov.uk/en/business/business-investment-in-uk,http://www.ukti.gov.uk/invest.html?guid=none,301
http://ukinitaly.fco.gov.uk/en/business/commercial-publicity-italy,https://www.gov.uk/government/world/organisations/uk-trade-investment-italy,301
http://ukinitaly.fco.gov.uk/en/business/contacts,https://www.gov.uk/government/world/organisations/uk-trade-investment-italy,301
http://ukinitaly.fco.gov.uk/en/business/export-from-the-uk,http://www.ukti.gov.uk/export.html?guid=none,301
http://ukinitaly.fco.gov.uk/en/business/export-from-the-uk/business-opportunities,http://www.ukti.gov.uk/export.html?guid=none,301
http://ukinitaly.fco.gov.uk/en/business/help-uk-companies,http://www.ukti.gov.uk/export.html?guid=none,301
http://ukinitaly.fco.gov.uk/en/business/start-business-uk,http://www.ukti.gov.uk/invest.html?guid=none,301
http://ukinitaly.fco.gov.uk/en/business/ukti-events,https://www.gov.uk/government/world/organisations/uk-trade-investment-italy,301
http://ukinitaly.fco.gov.uk/en/help-for-british-nationals,https://www.gov.uk/government/world/organisations/british-embassy-rome#our-services,301
http://ukinitaly.fco.gov.uk/en/help-for-british-nationals/consular-enquiries,https://www.gov.uk/government/world/organisations/british-embassy-rome/about/complaints-procedure,301
http://ukinitaly.fco.gov.uk/en/help-for-british-nationals/consular-feedback,https://www.gov.uk/government/world/organisations/british-embassy-rome/about/complaints-procedure,301
http://ukinitaly.fco.gov.uk/en/help-for-british-nationals/faq,https://www.gov.uk/government/world/organisations/british-embassy-rome#our-services,301
http://ukinitaly.fco.gov.uk/en/help-for-british-nationals/faq/about-the-uk/authenticated-translations,http://www.visitbritain.com,301
http://ukinitaly.fco.gov.uk/en/help-for-british-nationals/faq/about-the-uk/national-anthem,http://www.visitbritain.com,301
http://ukinitaly.fco.gov.uk/en/help-for-british-nationals/faq/about-the-uk/parliament,http://www.visitbritain.com,301
http://ukinitaly.fco.gov.uk/en/help-for-british-nationals/faq/about-the-uk/postal-codes-uk,http://www.visitbritain.com,301
http://ukinitaly.fco.gov.uk/en/help-for-british-nationals/faq/about-the-uk/the-commonwealth,http://www.visitbritain.com,301
http://ukinitaly.fco.gov.uk/en/help-for-british-nationals/faq/britain-and-world-wars/wwi-further-info,https://www.gov.uk/living-in-italy,301
http://ukinitaly.fco.gov.uk/en/help-for-british-nationals/faq/britain-and-world-wars/wwii-further-info,https://www.gov.uk/living-in-italy,301
http://ukinitaly.fco.gov.uk/en/help-for-british-nationals/faq/health-professionals,https://www.gov.uk/living-in-italy,301
http://ukinitaly.fco.gov.uk/en/help-for-british-nationals/faq/health-professionals/consultant,https://www.gov.uk/living-in-italy,301
http://ukinitaly.fco.gov.uk/en/help-for-british-nationals/faq/health-professionals/cv,https://www.gov.uk/living-in-italy,301
http://ukinitaly.fco.gov.uk/en/help-for-british-nationals/faq/health-professionals/dentist,https://www.gov.uk/living-in-italy,301
http://ukinitaly.fco.gov.uk/en/help-for-british-nationals/faq/health-professionals/gmc-registration,https://www.gov.uk/living-in-italy,301
http://ukinitaly.fco.gov.uk/en/help-for-british-nationals/faq/health-professionals/gp,https://www.gov.uk/living-in-italy,301
http://ukinitaly.fco.gov.uk/en/help-for-british-nationals/faq/health-professionals/improving-english,https://www.gov.uk/living-in-italy,301
http://ukinitaly.fco.gov.uk/en/help-for-british-nationals/faq/health-professionals/nurse,https://www.gov.uk/living-in-italy,301
http://ukinitaly.fco.gov.uk/en/help-for-british-nationals/faq/health-professionals/other-health-professionals,https://www.gov.uk/living-in-italy,301
http://ukinitaly.fco.gov.uk/en/help-for-british-nationals/faq/health-professionals/pension-arrangements,https://www.gov.uk/living-in-italy,301
http://ukinitaly.fco.gov.uk/en/help-for-british-nationals/faq/health-professionals/temporary-work,https://www.gov.uk/living-in-italy,301
http://ukinitaly.fco.gov.uk/en/help-for-british-nationals/faq/health-professionals/training-doctor,https://www.gov.uk/living-in-italy,301
http://ukinitaly.fco.gov.uk/en/help-for-british-nationals/faq/help-brit-nationals,https://www.gov.uk/living-in-italy,301
http://ukinitaly.fco.gov.uk/en/help-for-british-nationals/faq/help-brit-nationals/british-expats,https://www.gov.uk/living-in-italy,301
http://ukinitaly.fco.gov.uk/en/help-for-british-nationals/faq/help-brit-nationals/getting-married,https://www.gov.uk/living-in-italy,301
http://ukinitaly.fco.gov.uk/en/help-for-british-nationals/faq/help-brit-nationals/income-tax-refund,https://www.gov.uk/living-in-italy,301
http://ukinitaly.fco.gov.uk/en/help-for-british-nationals/faq/help-brit-nationals/international-schools,https://www.gov.uk/living-in-italy,301
http://ukinitaly.fco.gov.uk/en/help-for-british-nationals/faq/help-brit-nationals/moving-back-uk,https://www.gov.uk/living-in-italy,301
http://ukinitaly.fco.gov.uk/en/help-for-british-nationals/faq/help-brit-nationals/obtain-brit-ppt,https://www.gov.uk/living-in-italy,301
http://ukinitaly.fco.gov.uk/en/help-for-british-nationals/faq/help-brit-nationals/phone-call,https://www.gov.uk/living-in-italy,301
http://ukinitaly.fco.gov.uk/en/help-for-british-nationals/faq/visa/points-based-system,https://www.gov.uk/living-in-italy,301
http://ukinitaly.fco.gov.uk/en/help-for-british-nationals/how-to-stay-safe-abroad,https://www.gov.uk/government/world/organisations/british-embassy-rome#our-services,301
http://ukinitaly.fco.gov.uk/en/help-for-british-nationals/how-to-stay-safe-abroad/travellers-checklist,https://www.gov.uk/government/world/organisations/british-embassy-rome#our-services,301
http://ukinitaly.fco.gov.uk/en/help-for-british-nationals/living-in-italy,https://www.gov.uk/living-in-italy,301
http://ukinitaly.fco.gov.uk/en/help-for-british-nationals/living-in-italy/125-legalising-documents,https://www.gov.uk/living-in-italy,301
http://ukinitaly.fco.gov.uk/en/help-for-british-nationals/living-in-italy/buying-a-house-in-italy,https://www.gov.uk/living-in-italy,301
http://ukinitaly.fco.gov.uk/en/help-for-british-nationals/living-in-italy/buying-selling-property,https://www.gov.uk/living-in-italy,301
http://ukinitaly.fco.gov.uk/en/help-for-british-nationals/living-in-italy/civil-partnership,https://www.gov.uk/living-in-italy,301
http://ukinitaly.fco.gov.uk/en/help-for-british-nationals/living-in-italy/consular-fees,https://www.gov.uk/living-in-italy,301
http://ukinitaly.fco.gov.uk/en/help-for-british-nationals/living-in-italy/criminal-records-certificate,https://www.gov.uk/living-in-italy,301
http://ukinitaly.fco.gov.uk/en/help-for-british-nationals/living-in-italy/driving-in-italy,https://www.gov.uk/living-in-italy,301
http://ukinitaly.fco.gov.uk/en/help-for-british-nationals/living-in-italy/education-in-italy,https://www.gov.uk/living-in-italy,301
http://ukinitaly.fco.gov.uk/en/help-for-british-nationals/living-in-italy/eligibility-british-citizenship,https://www.gov.uk/living-in-italy,301
http://ukinitaly.fco.gov.uk/en/help-for-british-nationals/living-in-italy/eng-lang-publications,https://www.gov.uk/living-in-italy,301
http://ukinitaly.fco.gov.uk/en/help-for-british-nationals/living-in-italy/finding-job,https://www.gov.uk/living-in-italy,301
http://ukinitaly.fco.gov.uk/en/help-for-british-nationals/living-in-italy/how-does-it-tax-system-work,https://www.gov.uk/living-in-italy,301
http://ukinitaly.fco.gov.uk/en/help-for-british-nationals/living-in-italy/how-register-birth,https://www.gov.uk/living-in-italy,301
http://ukinitaly.fco.gov.uk/en/help-for-british-nationals/living-in-italy/how-register-death,https://www.gov.uk/living-in-italy,301
http://ukinitaly.fco.gov.uk/en/help-for-british-nationals/living-in-italy/how-register-marriage,https://www.gov.uk/marriage-overseas,301
http://ukinitaly.fco.gov.uk/en/help-for-british-nationals/living-in-italy/how-register-marriage/deposit-marr-cert-in-uk,https://www.gov.uk/marriage-overseas,301
http://ukinitaly.fco.gov.uk/en/help-for-british-nationals/living-in-italy/how-register-marriage/some-english-speaking-churches,https://www.gov.uk/marriage-overseas,301
http://ukinitaly.fco.gov.uk/en/help-for-british-nationals/living-in-italy/how-register-marriage/some-marriage-agencies-in-italy,https://www.gov.uk/marriage-overseas,301
http://ukinitaly.fco.gov.uk/en/help-for-british-nationals/living-in-italy/how-register-marriage/some-marriage-agencies-in-italy/marriage-agencies-central-italy,https://www.gov.uk/marriage-overseas,301
http://ukinitaly.fco.gov.uk/en/help-for-british-nationals/living-in-italy/how-register-marriage/some-marriage-agencies-in-italy/marriage-agencies-northern-italy,https://www.gov.uk/marriage-overseas,301
http://ukinitaly.fco.gov.uk/en/help-for-british-nationals/living-in-italy/how-register-marriage/some-marriage-agencies-in-italy/marriage-agencies-rome,https://www.gov.uk/marriage-overseas,301
http://ukinitaly.fco.gov.uk/en/help-for-british-nationals/living-in-italy/how-register-marriage/some-marriage-agencies-in-italy/marriage-agencies-southern-italy,https://www.gov.uk/marriage-overseas,301
http://ukinitaly.fco.gov.uk/en/help-for-british-nationals/living-in-italy/how-register-marriage/some-marriage-agencies-in-italy/uk-marriage-agencies,https://www.gov.uk/marriage-overseas,301
http://ukinitaly.fco.gov.uk/en/help-for-british-nationals/living-in-italy/how-to-legalise-document,https://www.gov.uk/living-in-italy,301
http://ukinitaly.fco.gov.uk/en/help-for-british-nationals/living-in-italy/how-to-legalise-document/translatord-in-florence-area,https://www.gov.uk/living-in-italy,301
http://ukinitaly.fco.gov.uk/en/help-for-british-nationals/living-in-italy/how-to-legalise-document/translators-in-milar-area,https://www.gov.uk/living-in-italy,301
http://ukinitaly.fco.gov.uk/en/help-for-british-nationals/living-in-italy/how-to-legalise-document/translators-in-rome-area,https://www.gov.uk/living-in-italy,301
http://ukinitaly.fco.gov.uk/en/help-for-british-nationals/living-in-italy/how-to-legalise-document/translators-in-southern-italy,https://www.gov.uk/living-in-italy,301
http://ukinitaly.fco.gov.uk/en/help-for-british-nationals/living-in-italy/informative-notes,https://www.gov.uk/living-in-italy,301
http://ukinitaly.fco.gov.uk/en/help-for-british-nationals/living-in-italy/italian-health-system,https://www.gov.uk/living-in-italy,301
http://ukinitaly.fco.gov.uk/en/help-for-british-nationals/living-in-italy/marriage-guide,https://www.gov.uk/marriage-overseas,301
http://ukinitaly.fco.gov.uk/en/help-for-british-nationals/living-in-italy/marriage-guide/both-british-overseas,https://www.gov.uk/marriage-overseas,301
http://ukinitaly.fco.gov.uk/en/help-for-british-nationals/living-in-italy/marriage-guide/both-resident-italy,https://www.gov.uk/marriage-overseas,301
http://ukinitaly.fco.gov.uk/en/help-for-british-nationals/living-in-italy/marriage-guide/both-resident-uk,https://www.gov.uk/marriage-overseas,301
http://ukinitaly.fco.gov.uk/en/help-for-british-nationals/living-in-italy/marriage-guide/british-overseas-and-foreign-national,https://www.gov.uk/marriage-overseas,301
http://ukinitaly.fco.gov.uk/en/help-for-british-nationals/living-in-italy/marriage-guide/british-resident-uk-with-irish,https://www.gov.uk/marriage-overseas,301
http://ukinitaly.fco.gov.uk/en/help-for-british-nationals/living-in-italy/marriage-guide/one-resident-italy-one-foreign-national,https://www.gov.uk/marriage-overseas,301
http://ukinitaly.fco.gov.uk/en/help-for-british-nationals/living-in-italy/marriage-guide/one-uk-resident,https://www.gov.uk/marriage-overseas,301
http://ukinitaly.fco.gov.uk/en/help-for-british-nationals/living-in-italy/marriage-guide/payment-procedures,https://www.gov.uk/marriage-overseas,301
http://ukinitaly.fco.gov.uk/en/help-for-british-nationals/living-in-italy/notarial-services-and-registrations,https://www.gov.uk/living-in-italy,301
http://ukinitaly.fco.gov.uk/en/help-for-british-nationals/living-in-italy/notarial-services-and-registrations/how-register-birth,https://www.gov.uk/living-in-italy,301
http://ukinitaly.fco.gov.uk/en/help-for-british-nationals/living-in-italy/notarial-services-and-registrations/how-register-death,https://www.gov.uk/living-in-italy,301
http://ukinitaly.fco.gov.uk/en/help-for-british-nationals/living-in-italy/notarial-services-and-registrations/notarial-services,https://www.gov.uk/living-in-italy,301
http://ukinitaly.fco.gov.uk/en/help-for-british-nationals/living-in-italy/opening-bank-account,https://www.gov.uk/living-in-italy,301
http://ukinitaly.fco.gov.uk/en/help-for-british-nationals/living-in-italy/pension-benefits-healthcare,https://www.gov.uk/living-in-italy,301
http://ukinitaly.fco.gov.uk/en/help-for-british-nationals/living-in-italy/pension-benefits-healthcare/benefits,https://www.gov.uk/living-in-italy,301
http://ukinitaly.fco.gov.uk/en/help-for-british-nationals/living-in-italy/pension-benefits-healthcare/faqs,https://www.gov.uk/living-in-italy,301
http://ukinitaly.fco.gov.uk/en/help-for-british-nationals/living-in-italy/pension-benefits-healthcare/healthcare,https://www.gov.uk/living-in-italy,301
http://ukinitaly.fco.gov.uk/en/help-for-british-nationals/living-in-italy/pension-benefits-healthcare/life-certificates,https://www.gov.uk/living-in-italy,301
http://ukinitaly.fco.gov.uk/en/help-for-british-nationals/living-in-italy/pension-benefits-healthcare/return-to-uk,https://www.gov.uk/living-in-italy,301
http://ukinitaly.fco.gov.uk/en/help-for-british-nationals/living-in-italy/pension-benefits-healthcare/uk-state-pensions,https://www.gov.uk/living-in-italy,301
http://ukinitaly.fco.gov.uk/en/help-for-british-nationals/living-in-italy/res-entry-reqs-for-italy,https://www.gov.uk/living-in-italy,301
http://ukinitaly.fco.gov.uk/en/help-for-british-nationals/living-in-italy/translators,https://www.gov.uk/living-in-italy,301
http://ukinitaly.fco.gov.uk/en/help-for-british-nationals/living-in-italy/translators/translatord-in-florence-area,https://www.gov.uk/living-in-italy,301
http://ukinitaly.fco.gov.uk/en/help-for-british-nationals/living-in-italy/translators/translators-in-milar-area,https://www.gov.uk/living-in-italy,301
http://ukinitaly.fco.gov.uk/en/help-for-british-nationals/living-in-italy/translators/translators-in-rome-area,https://www.gov.uk/living-in-italy,301
http://ukinitaly.fco.gov.uk/en/help-for-british-nationals/living-in-italy/translators/translators-in-southern-italy,https://www.gov.uk/living-in-italy,301
http://ukinitaly.fco.gov.uk/en/help-for-british-nationals/living-in-italy/transporting-pets,https://www.gov.uk/living-in-italy,301
http://ukinitaly.fco.gov.uk/en/help-for-british-nationals/living-in-italy/transporting-pets/bringing-pet-animals-italy,https://www.gov.uk/living-in-italy,301
http://ukinitaly.fco.gov.uk/en/help-for-british-nationals/living-in-italy/transporting-pets/taking-pet-uk,https://www.gov.uk/living-in-italy,301
http://ukinitaly.fco.gov.uk/en/help-for-british-nationals/living-in-italy/transporting-pets/taking-pet-uk/eu-pet-psspt,https://www.gov.uk/living-in-italy,301
http://ukinitaly.fco.gov.uk/en/help-for-british-nationals/living-in-italy/transporting-pets/taking-pet-uk/eu-travel-routes,https://www.gov.uk/living-in-italy,301
http://ukinitaly.fco.gov.uk/en/help-for-british-nationals/living-in-italy/transporting-pets/taking-pet-uk/vets-in-italy,https://www.gov.uk/living-in-italy,301
http://ukinitaly.fco.gov.uk/en/help-for-british-nationals/living-in-italy/useful-documents,https://www.gov.uk/living-in-italy,301
http://ukinitaly.fco.gov.uk/en/help-for-british-nationals/living-in-italy/voting-overseas,https://www.gov.uk/living-in-italy,301
http://ukinitaly.fco.gov.uk/en/help-for-british-nationals/living-in-italy/what-happens-when-you-retire,https://www.gov.uk/living-in-italy,301
http://ukinitaly.fco.gov.uk/en/help-for-british-nationals/passports,https://www.gov.uk/overseas-passports,301
http://ukinitaly.fco.gov.uk/en/help-for-british-nationals/travel-advice,https://www.gov.uk/foreign-travel-advice/italy,301
http://ukinitaly.fco.gov.uk/en/help-for-british-nationals/travel-advice/eng-italy-rugby,https://www.gov.uk/foreign-travel-advice/italy,301
http://ukinitaly.fco.gov.uk/en/help-for-british-nationals/travel-advice/italy-v-scotland,https://www.gov.uk/foreign-travel-advice/italy,301
http://ukinitaly.fco.gov.uk/en/help-for-british-nationals/when-things-go-wrong,https://www.gov.uk/government/world/organisations/british-embassy-rome#our-services,301
http://ukinitaly.fco.gov.uk/en/help-for-british-nationals/when-things-go-wrong/100-emergency-112,https://www.gov.uk/government/world/organisations/british-embassy-rome#our-services,301
http://ukinitaly.fco.gov.uk/en/help-for-british-nationals/when-things-go-wrong/help-if-arrested,https://www.gov.uk/help-if-you-are-arrested-abroad,301
http://ukinitaly.fco.gov.uk/en/help-for-british-nationals/when-things-go-wrong/help-if-someone-dies,https://www.gov.uk/government/world/organisations/british-embassy-rome#our-services,301
http://ukinitaly.fco.gov.uk/en/help-for-british-nationals/when-things-go-wrong/if-seriously-ill-injured,https://www.gov.uk/government/world/organisations/british-embassy-rome#our-services,301
http://ukinitaly.fco.gov.uk/en/help-for-british-nationals/when-things-go-wrong/if-you-are-victim-of-crime,https://www.gov.uk/victim-crime-abroad,301
http://ukinitaly.fco.gov.uk/en/help-for-british-nationals/when-things-go-wrong/if-you-need-doctor,https://www.gov.uk/government/world/organisations/british-embassy-rome#our-services,301
http://ukinitaly.fco.gov.uk/en/help-for-british-nationals/when-things-go-wrong/if-you-need-doctor/doctors-dentists-in-florence,https://www.gov.uk/government/world/organisations/british-embassy-rome#our-services,301
http://ukinitaly.fco.gov.uk/en/help-for-british-nationals/when-things-go-wrong/if-you-need-doctor/doctors-dentists-in-milan,https://www.gov.uk/government/world/organisations/british-embassy-rome#our-services,301
http://ukinitaly.fco.gov.uk/en/help-for-british-nationals/when-things-go-wrong/if-you-need-doctor/doctors-dentists-in-rome,https://www.gov.uk/government/world/organisations/british-embassy-rome#our-services,301
http://ukinitaly.fco.gov.uk/en/help-for-british-nationals/when-things-go-wrong/if-you-need-doctor/doctors-dentists-southern-italy,https://www.gov.uk/government/world/organisations/british-embassy-rome#our-services,301
http://ukinitaly.fco.gov.uk/en/help-for-british-nationals/when-things-go-wrong/if-you-need-lawyer,https://www.gov.uk/government/world/organisations/british-embassy-rome#our-services,301
http://ukinitaly.fco.gov.uk/en/help-for-british-nationals/when-things-go-wrong/if-you-need-lawyer/lawyers-campania,https://www.gov.uk/government/world/organisations/british-embassy-rome#our-services,301
http://ukinitaly.fco.gov.uk/en/help-for-british-nationals/when-things-go-wrong/if-you-need-lawyer/lawyers-in-florence-tuscany,https://www.gov.uk/government/world/organisations/british-embassy-rome#our-services,301
http://ukinitaly.fco.gov.uk/en/help-for-british-nationals/when-things-go-wrong/if-you-need-lawyer/lawyers-milan-lombardy,https://www.gov.uk/government/world/organisations/british-embassy-rome#our-services,301
http://ukinitaly.fco.gov.uk/en/help-for-british-nationals/when-things-go-wrong/if-you-need-lawyer/lawyers-palermo-sicily,https://www.gov.uk/government/world/organisations/british-embassy-rome#our-services,301
http://ukinitaly.fco.gov.uk/en/help-for-british-nationals/when-things-go-wrong/if-you-need-lawyer/lawyers-puglia-calabria,https://www.gov.uk/government/world/organisations/british-embassy-rome#our-services,301
http://ukinitaly.fco.gov.uk/en/help-for-british-nationals/when-things-go-wrong/if-you-need-lawyer/lawyers-rome-lazio-abruzzo,https://www.gov.uk/government/world/organisations/british-embassy-rome#our-services,301
http://ukinitaly.fco.gov.uk/en/help-for-british-nationals/when-things-go-wrong/if-you-need-lawyer/lawyers-venice-district,https://www.gov.uk/government/world/organisations/british-embassy-rome#our-services,301
http://ukinitaly.fco.gov.uk/en/help-for-british-nationals/when-things-go-wrong/missing-persons,https://www.gov.uk/government/world/organisations/british-embassy-rome#our-services,301
http://ukinitaly.fco.gov.uk/en/news,https://www.gov.uk/government/announcements?keywords=&announcement_type_option=all&topics[]=all&departments[]=all&world_locations[]=italy,301
http://ukinitaly.fco.gov.uk/en/news/events,https://www.gov.uk/government/announcements?keywords=&announcement_type_option=all&topics[]=all&departments[]=all&world_locations[]=italy,301
http://ukinitaly.fco.gov.uk/en/news/image-library,,410
http://ukinitaly.fco.gov.uk/en/news/image-library/embassy-gallery,,410
http://ukinitaly.fco.gov.uk/en/news/image-library/embassy-gallery/embassy-ext-gallery,,410
http://ukinitaly.fco.gov.uk/en/news/image-library/embassy-gallery/our-ambassador-gallery,,410
http://ukinitaly.fco.gov.uk/en/news/image-library/embassy-gallery/vw-ext,,410
http://ukinitaly.fco.gov.uk/en/news/image-library/embassy-gallery/vw-int,,410
http://ukinitaly.fco.gov.uk/en/news/press-centre,https://www.gov.uk/government/announcements?keywords=&announcement_type_option=all&topics[]=all&departments[]=all&world_locations[]=italy,301
http://ukinitaly.fco.gov.uk/en/news/press-centre/accreditation-foreign-corr,,410
http://ukinitaly.fco.gov.uk/en/news/press-centre/british-media,,410
http://ukinitaly.fco.gov.uk/en/news/press-centre/filming-in-italy,,410
http://ukinitaly.fco.gov.uk/en/news/press-centre/italian-media,,410
http://ukinitaly.fco.gov.uk/en/news/press-centre/listening-bbc-italy,,410
http://ukinitaly.fco.gov.uk/en/news/social-media,,410
http://ukinitaly.fco.gov.uk/en/send_to_friend,,410
http://ukinitaly.fco.gov.uk/en/sitemap,https://www.gov.uk/government/world/italy,301
http://ukinitaly.fco.gov.uk/en/visiting-uk,http://www.visitbritain.com,301
http://ukinitaly.fco.gov.uk/en/visiting-uk/801184782,http://www.visitbritain.com,301
http://ukinitaly.fco.gov.uk/en/visiting-uk/801185082,http://www.visitbritain.com,301
http://ukinitaly.fco.gov.uk/en/visiting-uk/about-the-uk,http://www.visitbritain.com,301
http://ukinitaly.fco.gov.uk/en/visiting-uk/about-uk,http://www.visitbritain.com,301
http://ukinitaly.fco.gov.uk/en/visiting-uk/about-uk/sport/popular-sports,http://www.visitbritain.com,301
http://ukinitaly.fco.gov.uk/en/visiting-uk/holidays-in-uk,http://www.visitbritain.com,301
http://ukinitaly.fco.gov.uk/en/visiting-uk/holidays-in-uk/planning-your-trip,http://www.visitbritain.com,301
http://ukinitaly.fco.gov.uk/en/visiting-uk/holidays-in-uk/practical-information,http://www.visitbritain.com,301
http://ukinitaly.fco.gov.uk/en/visiting-uk/holidays-in-uk/things-do-see,http://www.visitbritain.com,301
http://ukinitaly.fco.gov.uk/en/visiting-uk/london-2012-olympics,https://www.gov.uk/government/policies/creating-a-lasting-legacy-from-the-2012-olympic-and-paralympic-games,301
http://ukinitaly.fco.gov.uk/en/visiting-uk/london-2012-olympics/568907882,https://www.gov.uk/government/policies/creating-a-lasting-legacy-from-the-2012-olympic-and-paralympic-games,301
http://ukinitaly.fco.gov.uk/en/visiting-uk/studying-in-uk,http://www.educationuk.org,301
http://ukinitaly.fco.gov.uk/en/visiting-uk/studying-in-uk/postgraduate-study,http://www.educationuk.org,301
http://ukinitaly.fco.gov.uk/en/visiting-uk/visas,http://www.ukba.homeoffice.gov.uk/visas-immigration/,301
http://ukinitaly.fco.gov.uk/en/visiting-uk/visit-uk-during-olympics,http://www.visitbritain.com,301
http://ukinitaly.fco.gov.uk/en/visiting-uk/working-in-uk,http://www.britishcouncil.org,301
http://ukinitaly.fco.gov.uk/en/visiting-uk/working-in-uk/cost-living,http://www.britishcouncil.org,301
http://ukinitaly.fco.gov.uk/en/visiting-uk/working-in-uk/employment-agencies-in-uk,http://www.britishcouncil.org,301
http://ukinitaly.fco.gov.uk/en/visiting-uk/working-in-uk/tax-system-personal-finance,http://www.britishcouncil.org,301
http://ukinitaly.fco.gov.uk/en/visiting-uk/working-in-uk/temporary-workers,http://www.britishcouncil.org,301
http://ukinitaly.fco.gov.uk/it,https://www.gov.uk/government/world/italy.it,301
http://ukinitaly.fco.gov.uk/it/about-us,https://www.gov.uk/government/world/organisations/british-embassy-rome.it#about-us,301
http://ukinitaly.fco.gov.uk/it/about-us/other-locations-in-italy,https://www.gov.uk/government/world/organisations/british-embassy-rome.it,301
http://ukinitaly.fco.gov.uk/it/about-us/other-locations-in-italy/milan,https://www.gov.uk/government/world/organisations/british-embassy-rome.it,301
http://ukinitaly.fco.gov.uk/it/about-us/other-locations-in-italy/naples,https://www.gov.uk/government/world/organisations/british-embassy-rome.it,301
http://ukinitaly.fco.gov.uk/it/about-us/other-locations-in-italy/other-british-orgs-in-italy,https://www.gov.uk/government/world/organisations/british-embassy-rome.it,301
http://ukinitaly.fco.gov.uk/it/about-us/other-locations-in-italy/other-british-orgs-in-italy/br-ch-commerce-for-italy,https://www.gov.uk/government/world/organisations/british-embassy-rome.it,301
http://ukinitaly.fco.gov.uk/it/about-us/other-locations-in-italy/other-british-orgs-in-italy/british-council-italy,https://www.gov.uk/government/world/organisations/british-embassy-rome.it,301
http://ukinitaly.fco.gov.uk/it/about-us/other-locations-in-italy/rome,https://www.gov.uk/government/world/organisations/british-embassy-rome.it,301
http://ukinitaly.fco.gov.uk/it/about-us/our-embassy-in-rome,https://www.gov.uk/government/world/organisations/british-embassy-rome.it,301
http://ukinitaly.fco.gov.uk/it/about-us/our-embassy-in-rome/contact-us,https://www.gov.uk/government/world/organisations/british-embassy-rome.it,301
http://ukinitaly.fco.gov.uk/it/about-us/our-embassy-in-rome/contact-us/contact-rome-it,https://www.gov.uk/government/world/organisations/british-embassy-rome.it,301
http://ukinitaly.fco.gov.uk/it/about-us/our-embassy-in-rome/contact-us/emb-ext-faxes-emails,https://www.gov.uk/government/world/organisations/british-embassy-rome.it,301
http://ukinitaly.fco.gov.uk/it/about-us/our-embassy-in-rome/embassy-rome,https://www.gov.uk/government/world/organisations/british-embassy-rome.it,301
http://ukinitaly.fco.gov.uk/it/about-us/our-embassy-in-rome/embassy-rome/public-holidays,https://www.gov.uk/government/world/organisations/british-embassy-rome.it,301
http://ukinitaly.fco.gov.uk/it/about-us/our-embassy-in-rome/guided-tour,https://www.gov.uk/government/world/organisations/british-embassy-rome.it,301
http://ukinitaly.fco.gov.uk/it/about-us/our-embassy-in-rome/our-ambassador,https://www.gov.uk/government/world/organisations/british-embassy-rome.it#people,301
http://ukinitaly.fco.gov.uk/it/about-us/our-embassy-in-rome/our-ambassador/ambassadors-residence,https://www.gov.uk/government/world/organisations/british-embassy-rome.it#people,301
http://ukinitaly.fco.gov.uk/it/about-us/our-embassy-in-rome/our-ambassador/ambassadors-residence/035-detailed-history-vw,https://www.gov.uk/government/world/organisations/british-embassy-rome.it#people,301
http://ukinitaly.fco.gov.uk/it/about-us/our-embassy-in-rome/our-ambassador/ambassadors-residence/hire-villa-wolkonsky,https://www.gov.uk/government/world/organisations/british-embassy-rome.it#people,301
http://ukinitaly.fco.gov.uk/it/about-us/our-embassy-in-rome/our-ambassador/ambassadors-residence/villa-wolkonsky-map,https://www.gov.uk/government/world/organisations/british-embassy-rome.it#people,301
http://ukinitaly.fco.gov.uk/it/about-us/our-embassy-in-rome/our-ambassador/previous-ambassadors,https://www.gov.uk/government/world/organisations/british-embassy-rome.it#people,301
http://ukinitaly.fco.gov.uk/it/about-us/our-embassy-in-rome/working-for-us,https://www.gov.uk/government/world/organisations/british-embassy-rome/about/recruitment.it,301
http://ukinitaly.fco.gov.uk/it/about-us/our-embassy-in-rome/working-for-us/010-internships,https://www.gov.uk/government/world/organisations/british-embassy-rome/about/recruitment.it,301
http://ukinitaly.fco.gov.uk/it/about-us/working-with-italy,https://www.gov.uk/government/world/italy.it#priorities,301
http://ukinitaly.fco.gov.uk/it/about-us/working-with-italy/002-jubilee-2012,https://www.gov.uk/government/world/italy.it#priorities,301
http://ukinitaly.fco.gov.uk/it/about-us/working-with-italy/003-partners-in-growth-campaign-2012,https://www.gov.uk/government/world/italy.it#priorities,301
http://ukinitaly.fco.gov.uk/it/about-us/working-with-italy/great-coms,https://www.gov.uk/government/world/italy.it#priorities,301
http://ukinitaly.fco.gov.uk/it/about-us/working-with-italy/great-coms/sport,https://www.gov.uk/government/world/italy.it#priorities,301
http://ukinitaly.fco.gov.uk/it/about-us/working-with-italy/our-global-priorities1,https://www.gov.uk/government/world/italy.it#priorities,301
http://ukinitaly.fco.gov.uk/it/about-us/working-with-italy/pontignano-conference,https://www.gov.uk/government/world/italy.it#priorities,301
http://ukinitaly.fco.gov.uk/it/about-us/working-with-italy/royal-state-visits,https://www.gov.uk/government/world/italy.it#priorities,301
http://ukinitaly.fco.gov.uk/it/about-us/working-with-italy/royal-state-visits/hm-the-queen-oct-2000,https://www.gov.uk/government/world/italy.it#priorities,301
http://ukinitaly.fco.gov.uk/it/about-us/working-with-italy/see-britain,https://www.gov.uk/government/world/italy.it#priorities,301
http://ukinitaly.fco.gov.uk/it/advanced-search,https://www.gov.uk/search,301
http://ukinitaly.fco.gov.uk/it/business,https://www.gov.uk/government/world/organisations/uk-trade-investment-italy.it,301
http://ukinitaly.fco.gov.uk/it/business/050-business-con-il-regno-unito,https://www.gov.uk/government/world/organisations/uk-trade-investment-italy.it,301
http://ukinitaly.fco.gov.uk/it/business/business-investment-in-uk1,http://www.ukti.gov.uk/invest.html?guid=none,301
http://ukinitaly.fco.gov.uk/it/business/business-investment-in-uk1/locating-your-business-in-uk,http://www.ukti.gov.uk/invest.html?guid=none,301
http://ukinitaly.fco.gov.uk/it/business/business-investment-in-uk1/london-2012-opportunities,https://www.gov.uk/government/policies/creating-a-lasting-legacy-from-the-2012-olympic-and-paralympic-games,301
http://ukinitaly.fco.gov.uk/it/business/business-investment-in-uk1/sector-opportunities-in-uk,http://www.ukti.gov.uk/invest.html?guid=none,301
http://ukinitaly.fco.gov.uk/it/business/business-investment-in-uk1/uk-business-environment,http://www.ukti.gov.uk/invest.html?guid=none,301
http://ukinitaly.fco.gov.uk/it/business/contacts,https://www.gov.uk/government/world/organisations/uk-trade-investment-italy.it,301
http://ukinitaly.fco.gov.uk/it/business/information-by-sector,http://www.ukti.gov.uk/investintheuk/sectoropportunities.html,301
http://ukinitaly.fco.gov.uk/it/business/information-by-sector/agriculture,http://www.ukti.gov.uk/investintheuk/sectoropportunities.html,301
http://ukinitaly.fco.gov.uk/it/business/information-by-sector/creative,http://www.ukti.gov.uk/investintheuk/sectoropportunities.html,301
http://ukinitaly.fco.gov.uk/it/business/information-by-sector/design,http://www.ukti.gov.uk/investintheuk/sectoropportunities.html,301
http://ukinitaly.fco.gov.uk/it/business/information-by-sector/design1,http://www.ukti.gov.uk/investintheuk/sectoropportunities.html,301
http://ukinitaly.fco.gov.uk/it/business/information-by-sector/fashion,http://www.ukti.gov.uk/investintheuk/sectoropportunities.html,301
http://ukinitaly.fco.gov.uk/it/business/information-by-sector/food,http://www.ukti.gov.uk/investintheuk/sectoropportunities.html,301
http://ukinitaly.fco.gov.uk/it/business/information-by-sector/health,http://www.ukti.gov.uk/investintheuk/sectoropportunities.html,301
http://ukinitaly.fco.gov.uk/it/business/information-by-sector/ict,http://www.ukti.gov.uk/investintheuk/sectoropportunities.html,301
http://ukinitaly.fco.gov.uk/it/business/information-by-sector/investment,http://www.ukti.gov.uk/investintheuk/sectoropportunities.html,301
http://ukinitaly.fco.gov.uk/it/business/newsroom-commercial,https://www.gov.uk/government/world/organisations/uk-trade-investment-italy.it,301
http://ukinitaly.fco.gov.uk/it/consular-enquiries-it,https://www.gov.uk/government/world/organisations/british-embassy-rome,301
http://ukinitaly.fco.gov.uk/it/news,https://www.gov.uk/government/announcements.it?keywords=&announcement_type_option=all&topics[]=all&departments[]=all&world_locations[]=italy,301
http://ukinitaly.fco.gov.uk/it/news/events,https://www.gov.uk/government/announcements.it?keywords=&announcement_type_option=all&topics[]=all&departments[]=all&world_locations[]=italy,301
http://ukinitaly.fco.gov.uk/it/news/image-library,,410
http://ukinitaly.fco.gov.uk/it/news/image-library/embassy-gallery,,410
http://ukinitaly.fco.gov.uk/it/news/image-library/events-gallery,,410
http://ukinitaly.fco.gov.uk/it/news/pm-question-time,,410
http://ukinitaly.fco.gov.uk/it/news/press-centre,https://www.gov.uk/government/announcements.it?keywords=&announcement_type_option=all&topics[]=all&departments[]=all&world_locations[]=italy,301
http://ukinitaly.fco.gov.uk/it/news/press-centre/corr-britannici-in-italia,,410
http://ukinitaly.fco.gov.uk/it/news/press-centre/italian-media,,410
http://ukinitaly.fco.gov.uk/it/news/press-centre/listening-bbc-in-italy,,410
http://ukinitaly.fco.gov.uk/it/news/social-media,,410
http://ukinitaly.fco.gov.uk/it/sitemap,https://www.gov.uk/government/world/italy.it,301
http://ukinitaly.fco.gov.uk/it/visiting-uk,http://www.visitbritain.com,301
http://ukinitaly.fco.gov.uk/it/visiting-uk/documents-for-the-uk,http://www.visitbritain.com,301
http://ukinitaly.fco.gov.uk/it/visiting-uk/faq,http://www.visitbritain.com,301
http://ukinitaly.fco.gov.uk/it/visiting-uk/faq/about-the-uk,http://www.visitbritain.com,301
http://ukinitaly.fco.gov.uk/it/visiting-uk/faq/about-the-uk/ancestry-enquiries,http://www.visitbritain.com,301
http://ukinitaly.fco.gov.uk/it/visiting-uk/faq/about-the-uk/constitution,http://www.visitbritain.com,301
http://ukinitaly.fco.gov.uk/it/visiting-uk/faq/about-the-uk/england-gb-or-uk,http://www.visitbritain.com,301
http://ukinitaly.fco.gov.uk/it/visiting-uk/faq/about-the-uk/holidays,http://www.visitbritain.com,301
http://ukinitaly.fco.gov.uk/it/visiting-uk/faq/about-the-uk/honours-system,http://www.visitbritain.com,301
http://ukinitaly.fco.gov.uk/it/visiting-uk/faq/about-the-uk/info-about-uk,http://www.visitbritain.com,301
http://ukinitaly.fco.gov.uk/it/visiting-uk/faq/about-the-uk/moving-uk,http://www.visitbritain.com,301
http://ukinitaly.fco.gov.uk/it/visiting-uk/faq/about-the-uk/national-anthem,http://www.visitbritain.com,301
http://ukinitaly.fco.gov.uk/it/visiting-uk/faq/about-the-uk/obtaining-citizenship,http://www.visitbritain.com,301
http://ukinitaly.fco.gov.uk/it/visiting-uk/faq/about-the-uk/obtaining-irpef,http://www.visitbritain.com,301
http://ukinitaly.fco.gov.uk/it/visiting-uk/faq/about-the-uk/parliament,http://www.visitbritain.com,301
http://ukinitaly.fco.gov.uk/it/visiting-uk/faq/about-the-uk/postal-codes,http://www.visitbritain.com,301
http://ukinitaly.fco.gov.uk/it/visiting-uk/faq/about-the-uk/royal-flickr,http://www.visitbritain.com,301
http://ukinitaly.fco.gov.uk/it/visiting-uk/faq/about-the-uk/telephone-directory,http://www.visitbritain.com,301
http://ukinitaly.fco.gov.uk/it/visiting-uk/faq/about-the-uk/the-commonwealth,http://www.visitbritain.com,301
http://ukinitaly.fco.gov.uk/it/visiting-uk/faq/about-the-uk/work-as-a-doctor-in-uk,http://www.visitbritain.com,301
http://ukinitaly.fco.gov.uk/it/visiting-uk/faq/about-the-uk/working-as-a-lawyer,http://www.visitbritain.com,301
http://ukinitaly.fco.gov.uk/it/visiting-uk/faq/about-the-uk/working-in-uk,http://www.visitbritain.com,301
http://ukinitaly.fco.gov.uk/it/visiting-uk/faq/britain-and-world-wars/world-wars,http://www.visitbritain.com,301
http://ukinitaly.fco.gov.uk/it/visiting-uk/faq/help-brit-nationals,http://www.visitbritain.com,301
http://ukinitaly.fco.gov.uk/it/visiting-uk/faq/help-brit-nationals/authenticated-translations,http://www.visitbritain.com,301
http://ukinitaly.fco.gov.uk/it/visiting-uk/faq/help-brit-nationals/british-expats,http://www.visitbritain.com,301
http://ukinitaly.fco.gov.uk/it/visiting-uk/faq/help-brit-nationals/international-schools,http://www.visitbritain.com,301
http://ukinitaly.fco.gov.uk/it/visiting-uk/faq/visa,http://www.visitbritain.com,301
http://ukinitaly.fco.gov.uk/it/visiting-uk/faq/visa/visa,http://www.visitbritain.com,301
http://ukinitaly.fco.gov.uk/it/visiting-uk/faq/visa/visa-documents,http://www.visitbritain.com,301
http://ukinitaly.fco.gov.uk/it/visiting-uk/faq/visa/visa-documents-translation,http://www.visitbritain.com,301
http://ukinitaly.fco.gov.uk/it/visiting-uk/moving-to-uk,http://www.visitbritain.com,301
http://ukinitaly.fco.gov.uk/it/visiting-uk/moving-to-uk/ask-for-help,http://www.visitbritain.com,301
http://ukinitaly.fco.gov.uk/it/visiting-uk/moving-to-uk/driving-licence,http://www.visitbritain.com,301
http://ukinitaly.fco.gov.uk/it/visiting-uk/moving-to-uk/education-system,http://www.visitbritain.com,301
http://ukinitaly.fco.gov.uk/it/visiting-uk/moving-to-uk/finding-accommodation,http://www.visitbritain.com,301
http://ukinitaly.fco.gov.uk/it/visiting-uk/moving-to-uk/finding-job,http://www.visitbritain.com,301
http://ukinitaly.fco.gov.uk/it/visiting-uk/moving-to-uk/getting-married,https://www.gov.uk/marriage-overseas,301
http://ukinitaly.fco.gov.uk/it/visiting-uk/moving-to-uk/health-system,http://www.visitbritain.com,301
http://ukinitaly.fco.gov.uk/it/visiting-uk/moving-to-uk/learning-english,http://www.visitbritain.com,301
http://ukinitaly.fco.gov.uk/it/visiting-uk/moving-to-uk/opening-bank-account,http://www.visitbritain.com,301
http://ukinitaly.fco.gov.uk/it/visiting-uk/moving-to-uk/return-to-uk,http://www.visitbritain.com,301
http://ukinitaly.fco.gov.uk/it/visiting-uk/moving-to-uk/socialising,http://www.visitbritain.com,301
http://ukinitaly.fco.gov.uk/it/visiting-uk/moving-to-uk/tax-customs,http://www.visitbritain.com,301
http://ukinitaly.fco.gov.uk/it/visiting-uk/moving-to-uk/visa,http://www.visitbritain.com,301
http://ukinitaly.fco.gov.uk/it/visiting-uk/taking-pets-uk,http://www.visitbritain.com,301
http://ukinitaly.fco.gov.uk/it/visiting-uk/taking-pets-uk/eu-passport,http://www.visitbritain.com,301
http://ukinitaly.fco.gov.uk/it/visiting-uk/taking-pets-uk/further-treatment,http://www.visitbritain.com,301
http://ukinitaly.fco.gov.uk/it/visiting-uk/taking-pets-uk/itineraries,http://www.visitbritain.com,301
http://ukinitaly.fco.gov.uk/it/visiting-uk/taking-pets-uk/microchip-vac-analysis,http://www.visitbritain.com,301
http://ukinitaly.fco.gov.uk/it/visiting-uk/taking-pets-uk/some-microchip-prod-uk,http://www.visitbritain.com,301
http://ukinitaly.fco.gov.uk/it/visiting-uk/taking-pets-uk/some-vets-in-italy,http://www.visitbritain.com,301
http://ukinitaly.fco.gov.uk/it/visiting-uk/visas,http://www.ukba.homeoffice.gov.uk/visas-immigration/,301
http://ukinitaly.fco.gov.uk/it/visiting-uk/visit-uk-during-olympic-games,http://www.visitbritain.com,301
http://ukinitaly.fco.gov.uk/it/visiting-uk/visitbritain-promo,http://www.visitbritain.com,301
http://ukinitaly.fco.gov.uk/resources/en/pdf/help-british-nationals/request-for-consular-services,www.gov.uk/government/uploads/system/uploads/attachment_data/file/136831/request-for-consular-services.pdf,301
http://ukinitaly.fco.gov.uk/resources/en/word/3121380/credit-card-authorisation-slip,www.gov.uk/government/uploads/system/uploads/attachment_data/file/136810/credit-card-authorisation-slip.doc,301
http://ukinitaly.fco.gov.uk/resources/en/word/3121380/Return-delivery-form,www.gov.uk/government/uploads/system/uploads/attachment_data/file/136822/Return-delivery-form.doc,301
